{"global_step": 0, "_timestamp": 1732638441.9911852, "_runtime": 3.0277631282806396, "_step": 0, "_wandb": {"runtime": 4}}