{"videos": {"_type": "video-file", "sha256": "684a9151c3f2c8c5c12d4bbcadf142a6eeaf5065281a8870fddc79d796ba1d99", "size": 5258, "path": "media/videos/videos_9_684a9151c3f2c8c5c12d.mp4"}, "_timestamp": 1732637877.200625, "_runtime": 32.84252691268921, "_step": 1370, "global_step": 49988, "charts/episodic_return": 200.0, "charts/episodic_length": 200.0, "losses/td_loss": 0.04448004066944122, "losses/q_values": 50.299774169921875, "charts/SPS": 1873.0, "_wandb": {"runtime": 31}}