{"global_step": 0, "_timestamp": 1733165712.7358756, "_runtime": 7.137791633605957, "_step": 0, "_wandb": {"runtime": 5}}