{"videos": {"_type": "video-file", "sha256": "212660be629ffd4c71dd0f754ece35ec8863a397c3858aea8d979d493218168b", "size": 14762, "path": "media/videos/videos_10_212660be629ffd4c71dd.mp4"}, "_timestamp": 1733895095.9988286, "_runtime": 48.87802767753601, "_step": 2271, "global_step": 99933, "charts/episodic_return": 200.0, "charts/episodic_length": 200.0, "losses/td_loss": 0.0035310094244778156, "losses/q_values": 83.07893371582031, "charts/SPS": 2544.0, "_wandb": {"runtime": 43}}