{"videos": {"_type": "video-file", "sha256": "49ef227464c56a7c5f2ede4159834f893642e43f7106d494dbc5e8c509cc48d0", "size": 11918, "path": "media/videos/videos_10_49ef227464c56a7c5f2e.mp4"}, "_timestamp": 1732637789.9488711, "_runtime": 34.83360505104065, "_step": 1644, "global_step": 49959, "charts/episodic_return": 200.0, "charts/episodic_length": 200.0, "losses/td_loss": 0.22760514914989471, "losses/q_values": 45.53097152709961, "charts/SPS": 1725.0, "_wandb": {"runtime": 33}}