{"videos": {"_type": "video-file", "sha256": "f216a18319ec5ff0b0eb5b706d3732e9de0c4cc86add4c5c9265c8a8c70ac921", "size": 6648, "path": "media/videos/videos_10_f216a18319ec5ff0b0eb.mp4"}, "_timestamp": 1732637668.851586, "_runtime": 34.6688711643219, "_step": 1614, "global_step": 49949, "charts/episodic_return": 170.0, "charts/episodic_length": 170.0, "losses/td_loss": 0.039204977452754974, "losses/q_values": 46.87296676635742, "charts/SPS": 1732.0, "_wandb": {"runtime": 33}}